title,artist
Lil Boo Thang,Paul Russell
Wrap Me Up,Jimmy Fallon & Meghan Trainor
Lovin On Me,Jack Harlow
Find Your People,Drew Holcomb & The Neighbors
DJ Play A Christmas Song,Cher
I Remember Everything (feat. Kacey Musgraves),Zach Bryan
White Horse,Chris Stapleton
Save Me (with Lainey Wilson),Jelly Roll
Need A Favor,Jelly Roll
Standing Next to You,Jung Kook
Houdini,Dua Lipa
Cruel Summer,Taylor Swift
90s Rap Mashup,Austin Williams
Lose Control,Teddy Swims
3D,Jung Kook & Jack Harlow
All I Want for Christmas Is You,Mariah Carey
You're the Inspiration,Chicago
Christmas / Sarajevo 12/24 (Instrumental),Trans-Siberian Orchestra
Standing Next to You (Band Version),Jung Kook
Thinkin’ Bout Me,Morgan Wallen
Standing Next to You (Future Funk Remix),Jung Kook
Fairytale Of Philadelphia,"The Philly Specials, Jason Kelce & Travis Kelce"
Where the Wild Things Are,Luke Combs
Standing Next to You (PBR&B Remix),Jung Kook
Daylight,David Kushner
Standing Next to You (Slow Jam Remix),Jung Kook
Standing Next to You (Holiday Remix),Jung Kook
Standing Next to You (Latin Trap Remix),Jung Kook
Standing Next to You (Instrumental),Jung Kook
Paint The Town Red,Doja Cat
Fast Car,Luke Combs
Find Your People,Drew Holcomb & The Neighbors
Rockin' Around the Christmas Tree (Single),Brenda Lee
Last Night,Morgan Wallen
Water,Tyla
Lovin On Me,Jack Harlow
Now And Then,The Beatles
The Thanksgiving Song,Adam Sandler
greedy,Tate McRae
Lover,Taylor Swift
Is It Over Now? (Taylor's Version) [From The Vault],Taylor Swift
Rich Men North of Richmond,Oliver Anthony Music
Let It Be (feat. Paul McCartney & Ringo Starr),Dolly Parton
Gobble Gobble,Matthew West
To Be A Man (feat. Darius Rucker),Dax
Free Your Mind,En Vogue
Seven (Explicit Ver.),Jung Kook & Latto
The Christmas Song (Merry Christmas to You),"Nat ""King"" Cole"
Flyin' Pass (Single),Caldwell
Used To Be Young,Miley Cyrus
Sin So Sweet,Warren Zeiders
Wild Ones (Extended Version),Jessie Murph & Jelly Roll
Fairytale Of Philadelphia,"The Philly Specials, Jason Kelce & Travis Kelce"
Flowers,Miley Cyrus
Better Place (From TROLLS Band Together),*NSYNC & Justin Timberlake
The Painter,Cody Johnson
Night Moves (feat. Chris Stapleton),Dolly Parton
Tennessee Whiskey,Chris Stapleton
Wrecking Ball (feat. Miley Cyrus),Dolly Parton
Snowman,Sia
MONACO,Bad Bunny
World On Fire,Dolly Parton
Anti-Hero,Taylor Swift
Purple Rain,Dolly Parton
Love Story (Taylor’s Version),Taylor Swift
Karma,Taylor Swift
Don’t Blame Me,Taylor Swift
Last Christmas (Single Version),Wham!
Save Me,Jelly Roll
Fancy Like Christmas,Walker Hayes
Rockstar,Dolly Parton
Dirt Cheap,Cody Johnson
Open Arms (feat. Steve Perry),Dolly Parton
Dial Drunk,Noah Kahan & Post Malone
Don't Let the Sun Go Down On Me (feat. Elton John),Dolly Parton
TRUCK BED,HARDY
Wizards in Winter (Instrumental),Trans-Siberian Orchestra
Unstoppable,Sia
Calm Down,Rema & Selena Gomez
Watermelon Moonshine,Lainey Wilson
(I Can't Get No) Satisfaction (feat. P!nk & Brandi Carlile),Dolly Parton
Islands In the Stream,Dolly Parton & Kenny Rogers
White Christmas,Bing Crosby
The Chipmunk Song (Christmas Don't Be Late),Alvin & The Chipmunks
Style (Taylor's Version),Taylor Swift
Stretchy Pants,Carrie Underwood
Can’t Catch Me Now (from The Hunger Games: The Ballad of Songbirds & Snakes),Olivia Rodrigo
Find Your People (Acoustic),Drew Holcomb & The Neighbors
Look What You Made Me Do,Taylor Swift
You Belong With Me (Taylor’s Version),Taylor Swift
Blank Space (Taylor's Version),Taylor Swift
Son Of A Sinner,Jelly Roll
Good Good,"USHER, Summer Walker & 21 Savage"
A Lot More Free,Max McNown
A Mad Russian's Christmas (Instrumental),Trans-Siberian Orchestra
exes,Tate McRae
Heart of Glass (feat. Debbie Harry),Dolly Parton
Evil Ways (feat. J. Cole),Drake
ONE MORE TIME,blink-182
Thank God I Do,Lauren Daigle
I Remember Everything (feat. Kacey Musgraves),Zach Bryan
White Horse,Chris Stapleton
Save Me (with Lainey Wilson),Jelly Roll
Need A Favor,Jelly Roll
90s Rap Mashup,Austin Williams
Thinkin’ Bout Me,Morgan Wallen
Where the Wild Things Are,Luke Combs
Fast Car,Luke Combs
Last Night,Morgan Wallen
Flyin' Pass (Single),Caldwell
Rich Men North of Richmond,Oliver Anthony Music
To Be A Man (feat. Darius Rucker),Dax
Sin So Sweet,Warren Zeiders
The Painter,Cody Johnson
Tennessee Whiskey,Chris Stapleton
Fancy Like Christmas,Walker Hayes
Love Story (Taylor’s Version),Taylor Swift
Dirt Cheap,Cody Johnson
TRUCK BED,HARDY
Islands In the Stream,Dolly Parton & Kenny Rogers
Watermelon Moonshine,Lainey Wilson
You Belong With Me (Taylor’s Version),Taylor Swift
A Lot More Free,Max McNown
Find Your People (Acoustic),Drew Holcomb & The Neighbors
Something in the Orange (Z&E's Version),Zach Bryan
Pretty Little Poison,Warren Zeiders
World on Fire,Nate Smith
Everything I Love,Morgan Wallen
Religiously,Bailey Zimmerman
Wildflowers and Wild Horses,Lainey Wilson
Heart Like A Truck,Lainey Wilson
Wondering Why,The Red Clay Strays
Mamaw's House (feat. Morgan Wallen),Thomas Rhett
Everleave,Alexandra Kay
Chevrolet (feat. Jelly Roll),Dustin Lynch
23,Chayce Beckham
Thought You Should Know,Morgan Wallen
Try That In A Small Town,Jason Aldean
Think I'm In Love With You,Chris Stapleton
wait in the truck,HARDY & Lainey Wilson
Cowgirls (feat. ERNEST),Morgan Wallen
We Don't Fight Anymore (feat. Chris Stapleton),Carly Pearce
Can't Have Mine (Find You a Girl),Dylan Scott
Life With You,Kelsey Hart
'Til You Can't,Cody Johnson
Save Me The Trouble,Dan + Shay
Burn It Down,Parker McCollum
Small Town Talk,Rvshvd
Love You Anyway,Luke Combs
Starting Over,Chris Stapleton
Friends in Low Places (Live),Garth Brooks
I Can Feel It,Kane Brown
You Should Probably Leave,Chris Stapleton
Halfway To Hell,Jelly Roll
Hey Driver (feat. The War and Treaty),Zach Bryan
Wasted On You,Morgan Wallen
Next Thing You Know,Jordan Davis
Something in the Orange,Zach Bryan
Standing Room Only,Tim McGraw
Joy of My Life,Chris Stapleton
I Wrote The Book,Morgan Wallen
Man Made A Bar (feat. Eric Church),Morgan Wallen
Stars Like Confetti,Dustin Lynch
Thank God,Kane Brown & Katelyn Brown
Oklahoma Smokeshow,Zach Bryan
Pickup Man (feat. Post Malone),HIXTAPE & Joe Diffie
Don't Grow Up Too Fast,Cody Webb
Can't Break Up Now,Old Dominion & Megan Moroney
Haunted House,Alex Key
In Your Love,Tyler Childers
Let Your Boys Be Country,Jason Aldean
The Dance (Live),Garth Brooks
Rock and a Hard Place,Bailey Zimmerman
Whiskey Glasses,Morgan Wallen
It Takes A Woman,Chris Stapleton
Spotless (feat. The Lumineers),Zach Bryan
Where Rainbows Never Die,The SteelDrivers
Stand By Me (feat. Morgan Wallen),Lil Durk
Whiskey Bent (feat. Jelly Roll),Cody Johnson
Bootshake,Alex Smith
Don't Let the Old Man In,Toby Keith
You Proof,Morgan Wallen
Beautiful Crazy,Luke Combs
Cold,Chris Stapleton
Wagon Wheel,Darius Rucker
Take Her Home,Kenny Chesney
Runnin' Outta Love,Tim McGraw
Beat You There,Will Dempsey
Our Song,Taylor Swift
But I Got A Beer In My Hand,Luke Bryan
Creek Will Rise,Conner Smith
Cuckoo,Stephen Wilson Jr.
Back Then Right Now,Tyler Hubbard
Tennessee Orange,Megan Moroney
What Am I Gonna Do,Chris Stapleton
Heartbroken (Jessie Version),Diplo & Jessie Murph
Coal,Dylan Gossett
Chasin' You,Morgan Wallen
God Gave Me A Girl,Russell Dickerson
This Is My Dirt,Justin Moore
